Lactamase,GenBank_Accession_Number,Phenotype,6,21,35,39,40,49,68,69,84,100,104,153,155,163,164,165,173,175,179,182,184,196,224,237,238,240,265,267,268,279,280
TEM-001,J01749;AF397068,_2b,Q,L,D,Q,L,L,M,M,V,N,E,H,M,D,R,W,I,N,D,M,A,G,A,A,G,E,T,G,S,I,A
TEM-096,AY092401,?2be,,,,,,,,,,,,,,G,,,,,,,,,,,,,,,,,
TEM-142,DQ388882,?2be,,,,,,,,,,,K,,,,,,,,,,,,,,N,,M,,,,
TEM-168,FJ919776,?2be,,,,,,,,,,,,,,,,,,,,,,,,,,,M,,,,
TEM-191,JF949916,?2be,,,,,,,,,,,,,,,,,,,,,,,,,,K,,,,,
TEM-192,JF949915,?2be,,,,,,,I,,,,,,,,,,,,,,,,,,,,,,,,
TEM-199,JX050178,?2be,,,,K,,,,,,,K,,I,,,,,,,,,,,,S,,,,,,
TEM-003,X64523,2be,,,,K,,,,,,,K,,,,,,,,,,,,,,S,,,,,,
TEM-006,X57972,2be,,,,,,,,,,,K,,,,H,,,,,,,,,,,,,,,,
TEM-008,X65252,2be,,,,K,,,,,,,K,,,,S,,,,,,,,,,S,,,,,,
TEM-010,AF093512,2be,,,,,,,,,,,,,,,S,,,,,,,,,,,K,,,,,
TEM-011,AY874537,2be,,,,K,,,,,,,,,,,H,,,,,,,,,,,,,,,,
TEM-012,M88143,2be,,,,,,,,,,,,,,,S,,,,,,,,,,,,,,,,
TEM-015,AM849805,2be,,,,,,,,,,,K,,,,,,,,,,,,,,S,,,,,,
TEM-016,X65254,2be,,,,K,,,,,,,K,,,,H,,,,,,,,,,,,,,,,
TEM-017,Y14574,2be,,,,,,,,,,,K,,,,,,,,,,,,,,,,,,,,
TEM-020,Y17581,2be,,,,,,,,,,,,,,,,,,,,T,,,,,S,,,,,,
TEM-021,Y17582,2be,,,,K,,,,,,,K,R,,,,,,,,,,,,,S,,,,,,
TEM-022,Y17583,2be,,,,K,,,,,,,K,,,,,,,,,,,,,G,S,,,,,,
TEM-024,X65253,2be,,,,K,,,,,,,K,,,,S,,,,,,,,,T,,K,,,,,
TEM-028,U37195,2be,,,,,,,,,,,,,,,H,,,,,,,,,,,K,,,,,
TEM-029,Y17584,2be,,,,,,,,,,,,,,,H,,,,,,,,,,,,,,,,
TEM-043,U95363,2be,,,,,,,,,,,K,,,,H,,,,,T,,,,,,,,,,,
TEM-047,Y10279,2be,,,,,,,,,,,,,,,,,,,,,,,,,S,K,M,,,,
TEM-048,Y10280,2be,,F,,,,,,,,,,,,,,,,,,,,,,,S,K,M,,,,
TEM-049,Y10281,2be,,F,,,,,,,,,,,,,,,,,,,,,,,S,K,M,,G,,
TEM-052,Y13612,2be,,,,,,,,,,,K,,,,,,,,,T,,,,,S,,,,,,
TEM-053,AF104441,2be,,F,,,,,,,,,,,,,S,,,,,,,,,,,,,,,,
TEM-063,AF332513,2be,,F,,,,,,,,,K,,,,S,,,,,T,,,,,,,,,,,
TEM-071,AF203816,2be,,,,,,,,,,,,,,,,,,,,,,,,,S,K,,,,,
TEM-072,AF157553,2be,,,,K,,,,,,,,,,,,,,,,T,,,,,S,K,,,,,
TEM-075,AY130284,2be,,F,,,,,,,,,,,,,H,,,,,,,,,,,,M,,,,
TEM-085,AJ277414,2be,,F,,,,,,,,,,,,,S,,,,,,,,,,,K,M,,,,
TEM-086,AJ277415,2be,,F,,,,,,,,,,,,,S,,,,,,,,,T,,K,M,,,,
TEM-087,AF250872,2be,K,,,,,,,,,,K,,,H,C,,,,,T,,,,,,,,,,,
TEM-088,AY027590,2be,,,,,,,,,,,K,,,,,,,,,T,,D,,,S,,,,,,
TEM-091,AB049569,2be,,,,,,,,,,,,,,,C,,,,,T,,,,,,K,,,,,
TEM-092,AF143804,2be,K,,,,,,,,,,K,,,,,,,,,T,,,,,S,,,,,,
TEM-093,AJ318093,2be,,,,,,,,,,,,,,,,,,,,T,,,,,S,K,,,,,
TEM-094,AJ318094,2be,,F,,,,,,,,,K,,,,,,,,,T,,,,,S,,M,,,,
TEM-101,AF495873,2be,,,,K,,,,,,,,,,,,,,,,,,,,,S,K,,,,,V
TEM-106,AY101578,2be,,,,,,,,,,,K,,,,,,,,,T,,,,,,,,,,,
TEM-107,AY101764,2be,,,,,,,,,,,K,,,,H,,,,,T,,,,,S,,,,,,
TEM-112,AY589493,2be,,,,,,,,,,,,R,,,,,,,,,,,,,S,,,,,,
TEM-113,AY589494,2be,,,,K,,,,,,,K,,,,,,,,,T,,,,,S,,,,,,
TEM-114,AY589495,2be,,,,K,,,,,,,,,,,S,,,,,,,,,T,,K,,,,,
TEM-115,AF535127,2be,,F,,,,,,,,,,,,,H,,,,,,,,,,,,,,,,
TEM-118,AY130285,2be,,,,,,,,,,,,,,,H,,,,,,,,,,,,M,,,,
TEM-120,AY243512,2be,,F,,,,,,,,,,,,,,,,,,,,,,,S,,,,,,
TEM-123,AY327539,2be,K,,,,,,,,,,K,,,,,,,,,,,,,,S,,,,,,
TEM-124,AY327540,2be,K,,,,,,,,,,K,,,,,,,,,T,,,,,,,,,,,
TEM-126,AY628199,2be,,,,,,,,,,,,,,,,,,,E,T,,,,,,,,,,,
TEM-129,AJ746225,2be,,,,K,,,,,,,K,,,,S,,,,,,,,,,,,,,,,
TEM-130,AJ866988,2be,,,P,K,,,,,,,K,,,,S,,,,,,,,,T,,,,,,,
TEM-131,AY436361,2be,,F,,,,,,,,,K,,,,S,,,,,T,,,,T,,,,,,,
TEM-132,AY491682,2be,,,,,,,,,,,,,,,H,,V,,,,,,,,,K,,,,,
TEM-133,AY528425,2be,,F,,,,,,,,,K,,,,S,,,,,,,,,,,,,,,,
TEM-134,AY574271,2be,,,,K,,,,,,,K,,,,H,,,,,,,,,,S,,,,,,
TEM-136,AY826417,2be,,,,,,,,,,,,,,,S,,,,,,,,,T,,K,,,G,,
TEM-137,AM286274,2be,,,,,,,,,,,,,,,S,,,,,,,,,,,R,,,,,
TEM-138,AY853593,2be,,,,,,,,,,,K,,,,,,,I,,,,,,,S,,,,,,
TEM-139,DQ072853,2be,,,,K,,M,,,,,K,,,,,,,,,,,,,,S,,,,,,
TEM-143,DQ075245,2be,,,,,,,,,,,,,,,C,,,,,,,,,,,,,,,,
TEM-144,AM049399,2be,,,,,,,,,,,,,,,C,,,,,,,,,,,K,,,,,
TEM-147,DQ279850,2be,,,,,,,,,,,,,,,H,,,,,,,,V,,,,,,,,
TEM-149,DQ369751,2be,,,,,,,,,,,K,,,,S,,,,,T,,,,,,V,,,,,
TEM-153,KC149518,2be,,,,,,,,,,,K,,,,,,,,,T,,,,,,,,V,,,
TEM-155,DQ679961,2be,,,,K,,,,,,,,,,,S,,,,,,,,,,,K,,,,,
TEM-157,DQ909059,2be,,,,,,,,,I,S,,,,,,,,,,,V,,,,,,,,,,
TEM-164,EU274580,2be,,,,,V,,,,,,,,,,,,,,,,,,,,,,,,,T,
TEM-167,FJ360884,2be,,F,,,,,,,,,K,,,,,,,,,,,,V,,S,,M,,,,
TEM-169,FJ873740,2be,,,,,,,,L,,,,,,,,G,,,,,,,,,,,,,,,
TEM-177,FN652295,2be,K,,,K,,,,,,,K,,,,S,,,,,T,,,,T,,K,,,,,
TEM-187,HM246246,2be,,F,,,,,,,,,,,,,H,,,,,,V,,,,,,M,,,,
TEM-188,JN211012,2be,,F,,,,,,,,,,,,,,,,,,,,,,,S,K,,,,,
TEM-197,HQ877606,2be,,,,,,,,,,,K,,,,,,,,,,V,,,,S,,,,,,